[
  {
    "id": "417a5c4f-2446-459f-bd94-34a037167fc5",
    "data": [
      {
        "text": "Assets and trades",
        "userDefined": false
      }
    ],
    "isTemplate": false,
    "count": 0,
    "updated": 1537438017
  },
  {
    "id": "1d79181a-4960-477d-97a1-0e2fa8118122",
    "data": [
      {
        "text": "Show me investment made ",
        "userDefined": false
      },
      {
        "text": "yesterday",
        "alias": "date",
        "meta": "@sys.date",
        "userDefined": false
      }
    ],
    "isTemplate": false,
    "count": 0,
    "updated": 1537438017
  },
  {
    "id": "872f0c96-73ae-480b-aae2-d14a489ef826",
    "data": [
      {
        "text": "Show me my asset holdings",
        "userDefined": false
      }
    ],
    "isTemplate": false,
    "count": 0,
    "updated": 1537438017
  },
  {
    "id": "1071f690-7192-4544-9aac-5d564d91df85",
    "data": [
      {
        "text": "Show me my previous night sales",
        "userDefined": false
      }
    ],
    "isTemplate": false,
    "count": 0,
    "updated": 1537438017
  },
  {
    "id": "a7308ebc-f5ae-4f51-8d96-309522efdbba",
    "data": [
      {
        "text": "show my numbers ",
        "userDefined": false
      },
      {
        "text": "today",
        "alias": "date",
        "meta": "@sys.date",
        "userDefined": false
      }
    ],
    "isTemplate": false,
    "count": 0,
    "updated": 1536060699
  },
  {
    "id": "a37c57a3-648e-4feb-8516-5e0aa414fd1b",
    "data": [
      {
        "text": "what is my sales info",
        "userDefined": false
      }
    ],
    "isTemplate": false,
    "count": 0,
    "updated": 1536058244
  },
  {
    "id": "05e4812b-0c12-47d5-b9fe-f45af380777c",
    "data": [
      {
        "text": "read my sales info",
        "userDefined": false
      }
    ],
    "isTemplate": false,
    "count": 0,
    "updated": 1536058244
  },
  {
    "id": "7c50ed31-3b17-43f2-8cf1-27fa7ae1c11a",
    "data": [
      {
        "text": "get sales info",
        "userDefined": false
      }
    ],
    "isTemplate": false,
    "count": 0,
    "updated": 1531823238
  }
]