[
  {
    "id": "a7308ebc-f5ae-4f51-8d96-309522efdbba",
    "data": [
      {
        "text": "show my numbers ",
        "userDefined": false
      },
      {
        "text": "today",
        "alias": "date",
        "meta": "@sys.date",
        "userDefined": false
      }
    ],
    "isTemplate": false,
    "count": 0,
    "updated": 1536060699
  },
  {
    "id": "a37c57a3-648e-4feb-8516-5e0aa414fd1b",
    "data": [
      {
        "text": "what is my sales info",
        "userDefined": false
      }
    ],
    "isTemplate": false,
    "count": 0,
    "updated": 1536058244
  },
  {
    "id": "05e4812b-0c12-47d5-b9fe-f45af380777c",
    "data": [
      {
        "text": "read my sales info",
        "userDefined": false
      }
    ],
    "isTemplate": false,
    "count": 0,
    "updated": 1536058244
  },
  {
    "id": "7c50ed31-3b17-43f2-8cf1-27fa7ae1c11a",
    "data": [
      {
        "text": "get sales info",
        "userDefined": false
      }
    ],
    "isTemplate": false,
    "count": 0,
    "updated": 1531823238
  }
]