[
  {
    "id": "448f5063-0426-4170-9f40-46f95fd3f7fa",
    "data": [
      {
        "text": "My daily plan for ",
        "userDefined": false
      },
      {
        "text": "today",
        "alias": "date",
        "meta": "@sys.date",
        "userDefined": false
      }
    ],
    "isTemplate": false,
    "count": 0,
    "updated": 1537437970
  },
  {
    "id": "ab4de07c-9344-4ad6-a35e-99e4a5cb0fbe",
    "data": [
      {
        "text": "My day ",
        "userDefined": false
      },
      {
        "text": "today",
        "alias": "date",
        "meta": "@sys.date",
        "userDefined": false
      }
    ],
    "isTemplate": false,
    "count": 0,
    "updated": 1537437970
  },
  {
    "id": "2659542e-eb30-4d45-ae4e-c211e136a540",
    "data": [
      {
        "text": "Show me my Activities",
        "userDefined": false
      }
    ],
    "isTemplate": false,
    "count": 0,
    "updated": 1537437970
  },
  {
    "id": "7347f3ea-d808-4fde-8c9e-5834393ed85d",
    "data": [
      {
        "text": "Events",
        "userDefined": false
      }
    ],
    "isTemplate": false,
    "count": 0,
    "updated": 1537437970
  },
  {
    "id": "2944fb1f-3ce9-463b-86a7-505d24afd454",
    "data": [
      {
        "text": "Show me my Events",
        "userDefined": false
      }
    ],
    "isTemplate": false,
    "count": 0,
    "updated": 1537437970
  },
  {
    "id": "e89588a8-57dc-44c9-8fe3-619853c43bcd",
    "data": [
      {
        "text": "Show my daily Calendar",
        "userDefined": false
      }
    ],
    "isTemplate": false,
    "count": 0,
    "updated": 1537437970
  },
  {
    "id": "eb12702e-f20b-4c79-8af7-d1bcd1497c40",
    "data": [
      {
        "text": "show my schedule",
        "userDefined": false
      }
    ],
    "isTemplate": false,
    "count": 0,
    "updated": 1536060654
  },
  {
    "id": "e1b82e56-35ad-4571-98ad-13766891f3dc",
    "data": [
      {
        "text": "who am i meeting ",
        "userDefined": false
      },
      {
        "text": "today",
        "alias": "date",
        "meta": "@sys.date",
        "userDefined": false
      }
    ],
    "isTemplate": false,
    "count": 0,
    "updated": 1536060654
  },
  {
    "id": "5e53c509-9c17-4dfb-9e99-a2c0eec01f22",
    "data": [
      {
        "text": "what events do i have ",
        "userDefined": false
      },
      {
        "text": "today",
        "alias": "date",
        "meta": "@sys.date",
        "userDefined": false
      }
    ],
    "isTemplate": false,
    "count": 0,
    "updated": 1536060569
  },
  {
    "id": "cab67508-50c8-4c2a-898c-bc2f5adaa0eb",
    "data": [
      {
        "text": "show me the events",
        "userDefined": false
      }
    ],
    "isTemplate": false,
    "count": 0,
    "updated": 1536060569
  },
  {
    "id": "fb3820e0-e747-4ea3-bbfa-fa441369f5f3",
    "data": [
      {
        "text": "get my calendar",
        "userDefined": false
      }
    ],
    "isTemplate": false,
    "count": 0,
    "updated": 1536060569
  },
  {
    "id": "c083d828-caa2-4478-9580-582a6b491f9f",
    "data": [
      {
        "text": "show my calendar",
        "userDefined": false
      }
    ],
    "isTemplate": false,
    "count": 0,
    "updated": 1536060569
  },
  {
    "id": "18d59170-1135-4d99-8cf0-06ad70286b47",
    "data": [
      {
        "text": "get calendar events",
        "userDefined": false
      }
    ],
    "isTemplate": false,
    "count": 0,
    "updated": 1531748684
  }
]