[
  {
    "id": "9c8c824b-700f-4c0b-93e7-b29e3baf03eb",
    "data": [
      {
        "text": "thank you",
        "userDefined": false
      }
    ],
    "isTemplate": false,
    "count": 0,
    "updated": 1536146032
  },
  {
    "id": "85ec6ad8-ab2b-46a4-8e0a-cf5c24bf883b",
    "data": [
      {
        "text": "thanks",
        "userDefined": false
      }
    ],
    "isTemplate": false,
    "count": 0,
    "updated": 1536145896
  },
  {
    "id": "94111de9-6239-4f07-b75c-9ccecb116a04",
    "data": [
      {
        "text": "thank you very much",
        "userDefined": false
      }
    ],
    "isTemplate": false,
    "count": 0,
    "updated": 1536145896
  },
  {
    "id": "774df2ed-8231-47fb-85ad-95f4b124d565",
    "data": [
      {
        "text": "thanks a lot",
        "userDefined": false
      }
    ],
    "isTemplate": false,
    "count": 0,
    "updated": 1536145896
  }
]